"fc","rm","tune.args","auc.train","cbi.train","auc.diff.avg","auc.diff.sd","auc.val.avg","auc.val.sd","cbi.val.avg","cbi.val.sd","or.10p.avg","or.10p.sd","or.mtp.avg","or.mtp.sd","AICc","delta.AICc","w.AIC","ncoef"
"LQHP","1.5","fc.LQHP_rm.1.5",0.925847457627119,0.901,0.0134370869448246,0.0162523151013469,0.891829256880841,0.0273187877762029,0.44775,0.416226200520823,0.0277777777777778,0.0555555555555556,0,0,626.751945523924,18.3715109100688,6.90977244843232e-05,16
